trial,result,is_head,cumulative_heads,relative_frequency_heads
1,H,True,1,1.0
2,H,True,2,1.0
3,T,False,2,0.6666666666666666
4,T,False,2,0.5
5,T,False,2,0.4
6,H,True,3,0.5
7,H,True,4,0.5714285714285714
8,H,True,5,0.625
9,T,False,5,0.5555555555555556
10,H,True,6,0.6
11,T,False,6,0.5454545454545454
12,H,True,7,0.5833333333333334
13,H,True,8,0.6153846153846154
14,H,True,9,0.6428571428571429
15,H,True,10,0.6666666666666666
16,T,False,10,0.625
17,H,True,11,0.6470588235294118
18,T,False,11,0.6111111111111112
19,H,True,12,0.631578947368421
20,H,True,13,0.65
21,H,True,14,0.6666666666666666
22,T,False,14,0.6363636363636364
23,T,False,14,0.6086956521739131
24,T,False,14,0.5833333333333334
25,H,True,15,0.6
26,H,True,16,0.6153846153846154
27,T,False,16,0.5925925925925926
28,H,True,17,0.6071428571428571
29,H,True,18,0.6206896551724138
30,H,True,19,0.6333333333333333
31,H,True,20,0.6451612903225806
32,T,False,20,0.625
33,T,False,20,0.6060606060606061
34,H,True,21,0.6176470588235294
35,T,False,21,0.6
36,T,False,21,0.5833333333333334
37,T,False,21,0.5675675675675675
38,T,False,21,0.5526315789473685
39,T,False,21,0.5384615384615384
40,T,False,21,0.525
41,H,True,22,0.5365853658536586
42,H,True,23,0.5476190476190477
43,H,True,24,0.5581395348837209
44,T,False,24,0.5454545454545454
45,T,False,24,0.5333333333333333
46,T,False,24,0.5217391304347826
47,H,True,25,0.5319148936170213
48,T,False,25,0.5208333333333334
49,H,True,26,0.5306122448979592
50,H,True,27,0.54
51,H,True,28,0.5490196078431373
52,H,True,29,0.5576923076923077
53,T,False,29,0.5471698113207547
54,H,True,30,0.5555555555555556
55,T,False,30,0.5454545454545454
56,H,True,31,0.5535714285714286
57,H,True,32,0.5614035087719298
58,H,True,33,0.5689655172413793
59,T,False,33,0.559322033898305
60,H,True,34,0.5666666666666667
61,H,True,35,0.5737704918032787
62,T,False,35,0.5645161290322581
63,H,True,36,0.5714285714285714
64,T,False,36,0.5625
65,T,False,36,0.5538461538461539
66,H,True,37,0.5606060606060606
67,H,True,38,0.5671641791044776
68,T,False,38,0.5588235294117647
69,T,False,38,0.5507246376811594
70,T,False,38,0.5428571428571428
71,T,False,38,0.5352112676056338
72,H,True,39,0.5416666666666666
73,H,True,40,0.547945205479452
74,T,False,40,0.5405405405405406
75,T,False,40,0.5333333333333333
76,H,True,41,0.5394736842105263
77,H,True,42,0.5454545454545454
78,T,False,42,0.5384615384615384
79,H,True,43,0.5443037974683544
80,T,False,43,0.5375
81,H,True,44,0.5432098765432098
82,T,False,44,0.5365853658536586
83,H,True,45,0.5421686746987951
84,H,True,46,0.5476190476190477
85,H,True,47,0.5529411764705883
86,H,True,48,0.5581395348837209
87,H,True,49,0.5632183908045977
88,H,True,50,0.5681818181818182
89,H,True,51,0.5730337078651685
90,T,False,51,0.5666666666666667
91,H,True,52,0.5714285714285714
92,T,False,52,0.5652173913043478
93,T,False,52,0.5591397849462365
94,T,False,52,0.5531914893617021
95,H,True,53,0.5578947368421052
96,T,False,53,0.5520833333333334
97,H,True,54,0.5567010309278351
98,H,True,55,0.5612244897959183
99,T,False,55,0.5555555555555556
100,T,False,55,0.55
101,T,False,55,0.5445544554455446
102,H,True,56,0.5490196078431373
103,H,True,57,0.5533980582524272
104,T,False,57,0.5480769230769231
105,H,True,58,0.5523809523809524
106,T,False,58,0.5471698113207547
107,T,False,58,0.5420560747663551
108,H,True,59,0.5462962962962963
109,T,False,59,0.5412844036697247
110,H,True,60,0.5454545454545454
111,H,True,61,0.5495495495495496
112,T,False,61,0.5446428571428571
113,H,True,62,0.5486725663716814
114,T,False,62,0.543859649122807
115,H,True,63,0.5478260869565217
116,H,True,64,0.5517241379310345
117,T,False,64,0.5470085470085471
118,H,True,65,0.5508474576271186
119,T,False,65,0.5462184873949579
120,T,False,65,0.5416666666666666
121,T,False,65,0.5371900826446281
122,T,False,65,0.5327868852459017
123,H,True,66,0.5365853658536586
124,H,True,67,0.5403225806451613
125,T,False,67,0.536
126,H,True,68,0.5396825396825397
127,T,False,68,0.5354330708661418
128,H,True,69,0.5390625
129,H,True,70,0.5426356589147286
130,H,True,71,0.5461538461538461
131,H,True,72,0.549618320610687
132,H,True,73,0.553030303030303
133,H,True,74,0.556390977443609
134,H,True,75,0.5597014925373134
135,H,True,76,0.562962962962963
136,H,True,77,0.5661764705882353
137,H,True,78,0.5693430656934306
138,H,True,79,0.572463768115942
139,T,False,79,0.5683453237410072
140,H,True,80,0.5714285714285714
141,T,False,80,0.5673758865248227
142,T,False,80,0.5633802816901409
143,T,False,80,0.5594405594405595
144,T,False,80,0.5555555555555556
145,H,True,81,0.5586206896551724
146,T,False,81,0.5547945205479452
147,T,False,81,0.5510204081632653
148,H,True,82,0.5540540540540541
149,H,True,83,0.5570469798657718
150,H,True,84,0.56
151,H,True,85,0.5629139072847682
152,H,True,86,0.5657894736842105
153,T,False,86,0.5620915032679739
154,H,True,87,0.564935064935065
155,T,False,87,0.5612903225806452
156,H,True,88,0.5641025641025641
157,T,False,88,0.5605095541401274
158,T,False,88,0.5569620253164557
159,T,False,88,0.5534591194968553
160,T,False,88,0.55
161,T,False,88,0.546583850931677
162,H,True,89,0.5493827160493827
163,T,False,89,0.5460122699386503
164,T,False,89,0.5426829268292683
165,T,False,89,0.5393939393939394
166,T,False,89,0.536144578313253
167,T,False,89,0.5329341317365269
168,T,False,89,0.5297619047619048
169,H,True,90,0.5325443786982249
170,T,False,90,0.5294117647058824
171,H,True,91,0.5321637426900585
172,T,False,91,0.5290697674418605
173,H,True,92,0.5317919075144508
174,H,True,93,0.5344827586206896
175,T,False,93,0.5314285714285715
176,T,False,93,0.5284090909090909
177,H,True,94,0.5310734463276836
178,H,True,95,0.5337078651685393
179,T,False,95,0.5307262569832403
180,H,True,96,0.5333333333333333
181,H,True,97,0.5359116022099447
182,H,True,98,0.5384615384615384
183,T,False,98,0.5355191256830601
184,H,True,99,0.5380434782608695
185,T,False,99,0.5351351351351351
186,T,False,99,0.532258064516129
187,T,False,99,0.5294117647058824
188,T,False,99,0.526595744680851
189,T,False,99,0.5238095238095238
190,H,True,100,0.5263157894736842
191,T,False,100,0.5235602094240838
192,H,True,101,0.5260416666666666
193,T,False,101,0.5233160621761658
194,H,True,102,0.5257731958762887
195,T,False,102,0.5230769230769231
196,H,True,103,0.5255102040816326
197,T,False,103,0.5228426395939086
198,T,False,103,0.5202020202020202
199,H,True,104,0.5226130653266332
200,H,True,105,0.525
201,H,True,106,0.527363184079602
202,T,False,106,0.5247524752475248
203,H,True,107,0.5270935960591133
204,T,False,107,0.5245098039215687
205,H,True,108,0.526829268292683
206,T,False,108,0.5242718446601942
207,H,True,109,0.5265700483091788
208,T,False,109,0.5240384615384616
209,T,False,109,0.5215311004784688
210,T,False,109,0.5190476190476191
211,H,True,110,0.5213270142180095
212,T,False,110,0.5188679245283019
213,H,True,111,0.5211267605633803
214,T,False,111,0.5186915887850467
215,H,True,112,0.5209302325581395
216,H,True,113,0.5231481481481481
217,T,False,113,0.5207373271889401
218,H,True,114,0.5229357798165137
219,H,True,115,0.5251141552511416
220,H,True,116,0.5272727272727272
221,H,True,117,0.5294117647058824
222,T,False,117,0.527027027027027
223,T,False,117,0.5246636771300448
224,H,True,118,0.5267857142857143
225,T,False,118,0.5244444444444445
226,T,False,118,0.5221238938053098
227,T,False,118,0.5198237885462555
228,H,True,119,0.5219298245614035
229,H,True,120,0.5240174672489083
230,T,False,120,0.5217391304347826
231,T,False,120,0.5194805194805194
232,T,False,120,0.5172413793103449
233,T,False,120,0.5150214592274678
234,T,False,120,0.5128205128205128
235,T,False,120,0.5106382978723404
236,T,False,120,0.5084745762711864
237,H,True,121,0.510548523206751
238,T,False,121,0.5084033613445378
239,H,True,122,0.5104602510460251
240,H,True,123,0.5125
241,H,True,124,0.5145228215767634
242,H,True,125,0.5165289256198347
243,T,False,125,0.51440329218107
244,H,True,126,0.5163934426229508
245,H,True,127,0.5183673469387755
246,H,True,128,0.5203252032520326
247,H,True,129,0.5222672064777328
248,T,False,129,0.5201612903225806
249,H,True,130,0.5220883534136547
250,T,False,130,0.52
251,T,False,130,0.5179282868525896
252,H,True,131,0.5198412698412699
253,T,False,131,0.5177865612648221
254,H,True,132,0.5196850393700787
255,T,False,132,0.5176470588235295
256,H,True,133,0.51953125
257,T,False,133,0.5175097276264592
258,H,True,134,0.5193798449612403
259,H,True,135,0.5212355212355212
260,H,True,136,0.5230769230769231
261,H,True,137,0.524904214559387
262,H,True,138,0.5267175572519084
263,H,True,139,0.5285171102661597
264,H,True,140,0.5303030303030303
265,H,True,141,0.5320754716981132
266,T,False,141,0.5300751879699248
267,H,True,142,0.5318352059925093
268,H,True,143,0.5335820895522388
269,T,False,143,0.5315985130111525
270,T,False,143,0.5296296296296297
271,T,False,143,0.5276752767527675
272,H,True,144,0.5294117647058824
273,T,False,144,0.5274725274725275
274,T,False,144,0.5255474452554745
275,T,False,144,0.5236363636363637
276,T,False,144,0.5217391304347826
277,H,True,145,0.5234657039711191
278,H,True,146,0.5251798561151079
279,T,False,146,0.5232974910394266
280,T,False,146,0.5214285714285715
281,T,False,146,0.5195729537366548
282,T,False,146,0.5177304964539007
283,H,True,147,0.519434628975265
284,T,False,147,0.5176056338028169
285,H,True,148,0.519298245614035
286,T,False,148,0.5174825174825175
287,T,False,148,0.5156794425087108
288,H,True,149,0.5173611111111112
289,H,True,150,0.5190311418685121
290,T,False,150,0.5172413793103449
291,H,True,151,0.5189003436426117
292,T,False,151,0.5171232876712328
293,H,True,152,0.5187713310580204
294,T,False,152,0.5170068027210885
295,T,False,152,0.5152542372881356
296,T,False,152,0.5135135135135135
297,H,True,153,0.5151515151515151
298,H,True,154,0.5167785234899329
299,T,False,154,0.5150501672240803
300,H,True,155,0.5166666666666667
301,T,False,155,0.5149501661129569
302,T,False,155,0.5132450331125827
303,T,False,155,0.5115511551155115
304,T,False,155,0.5098684210526315
305,H,True,156,0.5114754098360655
306,T,False,156,0.5098039215686274
307,T,False,156,0.50814332247557
308,H,True,157,0.5097402597402597
309,H,True,158,0.511326860841424
310,H,True,159,0.5129032258064516
311,H,True,160,0.5144694533762058
312,T,False,160,0.5128205128205128
313,H,True,161,0.5143769968051118
314,T,False,161,0.5127388535031847
315,T,False,161,0.5111111111111111
316,H,True,162,0.5126582278481012
317,H,True,163,0.5141955835962145
318,T,False,163,0.5125786163522013
319,H,True,164,0.5141065830721003
320,H,True,165,0.515625
321,H,True,166,0.5171339563862928
322,T,False,166,0.515527950310559
323,T,False,166,0.5139318885448917
324,H,True,167,0.5154320987654321
325,T,False,167,0.5138461538461538
326,H,True,168,0.5153374233128835
327,H,True,169,0.5168195718654435
328,H,True,170,0.5182926829268293
329,H,True,171,0.5197568389057751
330,T,False,171,0.5181818181818182
331,H,True,172,0.5196374622356495
332,H,True,173,0.5210843373493976
333,H,True,174,0.5225225225225225
334,H,True,175,0.5239520958083832
335,H,True,176,0.5253731343283582
336,H,True,177,0.5267857142857143
337,H,True,178,0.5281899109792285
338,H,True,179,0.5295857988165681
339,H,True,180,0.5309734513274337
340,T,False,180,0.5294117647058824
341,H,True,181,0.530791788856305
342,T,False,181,0.5292397660818714
343,T,False,181,0.5276967930029155
344,T,False,181,0.5261627906976745
345,H,True,182,0.527536231884058
346,T,False,182,0.5260115606936416
347,H,True,183,0.5273775216138329
348,H,True,184,0.5287356321839081
349,H,True,185,0.5300859598853869
350,T,False,185,0.5285714285714286
351,H,True,186,0.5299145299145299
352,H,True,187,0.53125
353,T,False,187,0.5297450424929179
354,H,True,188,0.5310734463276836
355,H,True,189,0.532394366197183
356,T,False,189,0.5308988764044944
357,H,True,190,0.5322128851540616
358,H,True,191,0.5335195530726257
359,H,True,192,0.5348189415041783
360,H,True,193,0.5361111111111111
361,T,False,193,0.5346260387811634
362,T,False,193,0.5331491712707183
363,T,False,193,0.5316804407713499
364,H,True,194,0.532967032967033
365,H,True,195,0.5342465753424658
366,T,False,195,0.5327868852459017
367,H,True,196,0.5340599455040872
368,H,True,197,0.5353260869565217
369,T,False,197,0.5338753387533876
370,H,True,198,0.5351351351351351
371,H,True,199,0.5363881401617251
372,T,False,199,0.5349462365591398
373,H,True,200,0.5361930294906166
374,T,False,200,0.5347593582887701
375,T,False,200,0.5333333333333333
376,T,False,200,0.5319148936170213
377,H,True,201,0.53315649867374
378,H,True,202,0.5343915343915344
379,H,True,203,0.5356200527704486
380,H,True,204,0.5368421052631579
381,T,False,204,0.5354330708661418
382,H,True,205,0.5366492146596858
383,T,False,205,0.5352480417754569
384,T,False,205,0.5338541666666666
385,H,True,206,0.535064935064935
386,T,False,206,0.533678756476684
387,T,False,206,0.5322997416020672
388,H,True,207,0.5335051546391752
389,T,False,207,0.532133676092545
390,H,True,208,0.5333333333333333
391,T,False,208,0.5319693094629157
392,H,True,209,0.5331632653061225
393,T,False,209,0.5318066157760815
394,H,True,210,0.5329949238578681
395,T,False,210,0.5316455696202531
396,T,False,210,0.5303030303030303
397,H,True,211,0.5314861460957179
398,T,False,211,0.5301507537688442
399,H,True,212,0.531328320802005
400,H,True,213,0.5325
401,H,True,214,0.5336658354114713
402,H,True,215,0.5348258706467661
403,H,True,216,0.5359801488833746
404,H,True,217,0.5371287128712872
405,T,False,217,0.5358024691358024
406,T,False,217,0.5344827586206896
407,T,False,217,0.5331695331695332
408,H,True,218,0.5343137254901961
409,T,False,218,0.5330073349633252
410,T,False,218,0.5317073170731708
411,T,False,218,0.5304136253041363
412,T,False,218,0.529126213592233
413,H,True,219,0.5302663438256658
414,T,False,219,0.5289855072463768
415,T,False,219,0.5277108433734939
416,T,False,219,0.5264423076923077
417,T,False,219,0.5251798561151079
418,T,False,219,0.5239234449760766
419,H,True,220,0.5250596658711217
420,T,False,220,0.5238095238095238
421,T,False,220,0.5225653206650831
422,T,False,220,0.5213270142180095
423,T,False,220,0.5200945626477541
424,T,False,220,0.5188679245283019
425,T,False,220,0.5176470588235295
426,H,True,221,0.5187793427230047
427,H,True,222,0.5199063231850117
428,T,False,222,0.5186915887850467
429,T,False,222,0.5174825174825175
430,H,True,223,0.5186046511627908
431,T,False,223,0.5174013921113689
432,T,False,223,0.5162037037037037
433,T,False,223,0.5150115473441108
434,H,True,224,0.5161290322580645
435,H,True,225,0.5172413793103449
436,H,True,226,0.518348623853211
437,T,False,226,0.517162471395881
438,H,True,227,0.5182648401826484
439,T,False,227,0.5170842824601367
440,H,True,228,0.5181818181818182
441,H,True,229,0.5192743764172335
442,T,False,229,0.5180995475113123
443,T,False,229,0.5169300225733634
444,H,True,230,0.5180180180180181
445,T,False,230,0.5168539325842697
446,H,True,231,0.5179372197309418
447,H,True,232,0.5190156599552572
448,H,True,233,0.5200892857142857
449,T,False,233,0.5189309576837416
450,T,False,233,0.5177777777777778
451,H,True,234,0.5188470066518847
452,H,True,235,0.5199115044247787
453,H,True,236,0.5209713024282561
454,H,True,237,0.5220264317180616
455,H,True,238,0.5230769230769231
456,T,False,238,0.5219298245614035
457,T,False,238,0.5207877461706784
458,H,True,239,0.5218340611353712
459,H,True,240,0.5228758169934641
460,H,True,241,0.5239130434782608
461,H,True,242,0.5249457700650759
462,T,False,242,0.5238095238095238
463,H,True,243,0.5248380129589633
464,H,True,244,0.5258620689655172
465,T,False,244,0.524731182795699
466,H,True,245,0.5257510729613734
467,T,False,245,0.5246252676659529
468,T,False,245,0.5235042735042735
469,T,False,245,0.5223880597014925
470,H,True,246,0.5234042553191489
471,T,False,246,0.5222929936305732
472,H,True,247,0.5233050847457628
473,T,False,247,0.5221987315010571
474,T,False,247,0.5210970464135021
475,T,False,247,0.52
476,H,True,248,0.5210084033613446
477,H,True,249,0.5220125786163522
478,H,True,250,0.5230125523012552
479,T,False,250,0.5219206680584552
480,T,False,250,0.5208333333333334
481,T,False,250,0.5197505197505198
482,H,True,251,0.520746887966805
483,T,False,251,0.5196687370600414
484,T,False,251,0.518595041322314
485,T,False,251,0.5175257731958763
486,T,False,251,0.5164609053497943
487,H,True,252,0.5174537987679672
488,T,False,252,0.5163934426229508
489,H,True,253,0.5173824130879345
490,H,True,254,0.5183673469387755
491,T,False,254,0.5173116089613035
492,H,True,255,0.5182926829268293
493,H,True,256,0.5192697768762677
494,H,True,257,0.520242914979757
495,H,True,258,0.5212121212121212
496,H,True,259,0.5221774193548387
497,T,False,259,0.5211267605633803
498,H,True,260,0.5220883534136547
499,H,True,261,0.5230460921843687
500,H,True,262,0.524
501,H,True,263,0.5249500998003992
502,H,True,264,0.5258964143426295
503,H,True,265,0.5268389662027833
504,H,True,266,0.5277777777777778
505,T,False,266,0.5267326732673268
506,T,False,266,0.525691699604743
507,H,True,267,0.5266272189349113
508,T,False,267,0.5255905511811023
509,T,False,267,0.5245579567779961
510,H,True,268,0.5254901960784314
511,H,True,269,0.5264187866927593
512,H,True,270,0.52734375
513,T,False,270,0.5263157894736842
514,T,False,270,0.5252918287937743
515,H,True,271,0.5262135922330097
516,T,False,271,0.5251937984496124
517,H,True,272,0.5261121856866537
518,H,True,273,0.527027027027027
519,H,True,274,0.5279383429672447
520,T,False,274,0.5269230769230769
521,T,False,274,0.525911708253359
522,T,False,274,0.524904214559387
523,H,True,275,0.5258126195028681
524,T,False,275,0.5248091603053435
525,T,False,275,0.5238095238095238
526,H,True,276,0.5247148288973384
527,T,False,276,0.523719165085389
528,H,True,277,0.5246212121212122
529,T,False,277,0.5236294896030246
530,T,False,277,0.5226415094339623
531,H,True,278,0.5235404896421846
532,H,True,279,0.5244360902255639
533,T,False,279,0.5234521575984991
534,T,False,279,0.5224719101123596
535,H,True,280,0.5233644859813084
536,T,False,280,0.5223880597014925
537,H,True,281,0.5232774674115456
538,H,True,282,0.5241635687732342
539,T,False,282,0.5231910946196661
540,H,True,283,0.524074074074074
541,H,True,284,0.5249537892791127
542,H,True,285,0.525830258302583
543,T,False,285,0.5248618784530387
544,H,True,286,0.5257352941176471
545,T,False,286,0.5247706422018349
546,H,True,287,0.5256410256410257
547,T,False,287,0.5246800731261426
548,H,True,288,0.5255474452554745
549,T,False,288,0.5245901639344263
550,H,True,289,0.5254545454545455
551,H,True,290,0.5263157894736842
552,T,False,290,0.5253623188405797
553,H,True,291,0.5262206148282098
554,T,False,291,0.5252707581227437
555,T,False,291,0.5243243243243243
556,T,False,291,0.5233812949640287
557,H,True,292,0.5242369838420108
558,H,True,293,0.525089605734767
559,T,False,293,0.5241502683363148
560,H,True,294,0.525
561,T,False,294,0.5240641711229946
562,H,True,295,0.5249110320284698
563,H,True,296,0.5257548845470693
564,H,True,297,0.526595744680851
565,T,False,297,0.5256637168141592
566,T,False,297,0.5247349823321554
567,T,False,297,0.5238095238095238
568,H,True,298,0.5246478873239436
569,T,False,298,0.523725834797891
570,T,False,298,0.5228070175438596
571,H,True,299,0.5236427320490368
572,H,True,300,0.5244755244755245
573,H,True,301,0.525305410122164
574,T,False,301,0.524390243902439
575,H,True,302,0.5252173913043479
576,H,True,303,0.5260416666666666
577,H,True,304,0.5268630849220104
578,H,True,305,0.527681660899654
579,H,True,306,0.5284974093264249
580,T,False,306,0.5275862068965518
581,H,True,307,0.5283993115318416
582,H,True,308,0.5292096219931272
583,H,True,309,0.5300171526586621
584,T,False,309,0.5291095890410958
585,T,False,309,0.5282051282051282
586,H,True,310,0.5290102389078498
587,T,False,310,0.5281090289608177
588,H,True,311,0.5289115646258503
589,H,True,312,0.5297113752122241
590,T,False,312,0.5288135593220339
591,H,True,313,0.5296108291032149
592,T,False,313,0.5287162162162162
593,H,True,314,0.5295109612141653
594,T,False,314,0.5286195286195287
595,H,True,315,0.5294117647058824
596,T,False,315,0.5285234899328859
597,T,False,315,0.5276381909547738
598,H,True,316,0.5284280936454849
599,T,False,316,0.5275459098497496
600,H,True,317,0.5283333333333333
601,T,False,317,0.5274542429284526
602,H,True,318,0.5282392026578073
603,H,True,319,0.5290215588723052
604,T,False,319,0.5281456953642384
605,T,False,319,0.5272727272727272
606,T,False,319,0.5264026402640264
607,T,False,319,0.5255354200988468
608,H,True,320,0.5263157894736842
609,H,True,321,0.5270935960591133
610,T,False,321,0.5262295081967213
611,T,False,321,0.5253682487725041
612,H,True,322,0.5261437908496732
613,T,False,322,0.5252854812398042
614,H,True,323,0.5260586319218241
615,T,False,323,0.5252032520325203
616,T,False,323,0.5243506493506493
617,T,False,323,0.5235008103727715
618,T,False,323,0.5226537216828478
619,T,False,323,0.5218093699515347
620,T,False,323,0.5209677419354839
621,T,False,323,0.5201288244766505
622,T,False,323,0.5192926045016077
623,H,True,324,0.5200642054574639
624,T,False,324,0.5192307692307693
625,T,False,324,0.5184
626,H,True,325,0.5191693290734825
627,T,False,325,0.518341307814992
628,H,True,326,0.5191082802547771
629,H,True,327,0.519872813990461
630,T,False,327,0.5190476190476191
631,H,True,328,0.5198098256735341
632,H,True,329,0.5205696202531646
633,T,False,329,0.5197472353870458
634,H,True,330,0.5205047318611987
635,T,False,330,0.5196850393700787
636,T,False,330,0.5188679245283019
637,H,True,331,0.5196232339089482
638,H,True,332,0.5203761755485894
639,T,False,332,0.5195618153364632
640,H,True,333,0.5203125
641,T,False,333,0.5195007800312013
642,H,True,334,0.5202492211838006
643,T,False,334,0.5194401244167963
644,H,True,335,0.5201863354037267
645,H,True,336,0.5209302325581395
646,H,True,337,0.521671826625387
647,T,False,337,0.5208655332302936
648,T,False,337,0.5200617283950617
649,T,False,337,0.5192604006163328
650,T,False,337,0.5184615384615384
651,T,False,337,0.5176651305683564
652,H,True,338,0.5184049079754601
653,H,True,339,0.5191424196018377
654,H,True,340,0.5198776758409785
655,H,True,341,0.5206106870229008
656,H,True,342,0.5213414634146342
657,T,False,342,0.5205479452054794
658,H,True,343,0.5212765957446809
659,T,False,343,0.5204855842185129
660,T,False,343,0.5196969696969697
661,H,True,344,0.5204236006051437
662,H,True,345,0.5211480362537765
663,H,True,346,0.521870286576169
664,H,True,347,0.5225903614457831
665,T,False,347,0.5218045112781955
666,T,False,347,0.521021021021021
667,T,False,347,0.52023988005997
668,H,True,348,0.5209580838323353
669,H,True,349,0.5216741405082213
670,T,False,349,0.5208955223880597
671,H,True,350,0.5216095380029806
672,T,False,350,0.5208333333333334
673,T,False,350,0.5200594353640416
674,T,False,350,0.5192878338278932
675,T,False,350,0.5185185185185185
676,T,False,350,0.5177514792899408
677,H,True,351,0.518463810930576
678,T,False,351,0.5176991150442478
679,T,False,351,0.5169366715758469
680,H,True,352,0.5176470588235295
681,T,False,352,0.5168869309838473
682,H,True,353,0.5175953079178885
683,H,True,354,0.5183016105417276
684,H,True,355,0.5190058479532164
685,H,True,356,0.5197080291970803
686,H,True,357,0.5204081632653061
687,T,False,357,0.519650655021834
688,H,True,358,0.5203488372093024
689,T,False,358,0.5195936139332366
690,T,False,358,0.518840579710145
691,H,True,359,0.5195369030390738
692,H,True,360,0.5202312138728323
693,H,True,361,0.5209235209235209
694,H,True,362,0.521613832853026
695,H,True,363,0.5223021582733813
696,T,False,363,0.521551724137931
697,T,False,363,0.5208034433285509
698,T,False,363,0.5200573065902578
699,H,True,364,0.5207439198855508
700,H,True,365,0.5214285714285715
701,T,False,365,0.5206847360912982
702,H,True,366,0.5213675213675214
703,T,False,366,0.5206258890469416
704,H,True,367,0.5213068181818182
705,H,True,368,0.5219858156028369
706,H,True,369,0.5226628895184136
707,H,True,370,0.5233380480905233
708,T,False,370,0.5225988700564972
709,H,True,371,0.5232722143864598
710,H,True,372,0.523943661971831
711,H,True,373,0.5246132208157525
712,T,False,373,0.523876404494382
713,T,False,373,0.5231416549789621
714,H,True,374,0.5238095238095238
715,H,True,375,0.5244755244755245
716,H,True,376,0.5251396648044693
717,T,False,376,0.5244072524407253
718,T,False,376,0.5236768802228412
719,T,False,376,0.5229485396383866
720,H,True,377,0.5236111111111111
721,H,True,378,0.5242718446601942
722,T,False,378,0.5235457063711911
723,H,True,379,0.5242047026279392
724,H,True,380,0.5248618784530387
725,T,False,380,0.5241379310344828
726,T,False,380,0.5234159779614325
727,H,True,381,0.5240715268225584
728,H,True,382,0.5247252747252747
729,H,True,383,0.5253772290809328
730,T,False,383,0.5246575342465754
731,H,True,384,0.5253077975376197
732,H,True,385,0.5259562841530054
733,T,False,385,0.5252387448840382
734,T,False,385,0.5245231607629428
735,T,False,385,0.5238095238095238
736,H,True,386,0.5244565217391305
737,H,True,387,0.5251017639077341
738,H,True,388,0.5257452574525745
739,H,True,389,0.5263870094722598
740,H,True,390,0.527027027027027
741,H,True,391,0.5276653171390013
742,H,True,392,0.5283018867924528
743,H,True,393,0.5289367429340511
744,H,True,394,0.5295698924731183
745,T,False,394,0.5288590604026846
746,H,True,395,0.5294906166219839
747,H,True,396,0.5301204819277109
748,T,False,396,0.5294117647058824
749,H,True,397,0.5300400534045394
750,T,False,397,0.5293333333333333
751,T,False,397,0.5286284953395473
752,T,False,397,0.5279255319148937
753,H,True,398,0.5285524568393094
754,T,False,398,0.5278514588859416
755,T,False,398,0.5271523178807948
756,H,True,399,0.5277777777777778
757,T,False,399,0.5270805812417437
758,H,True,400,0.5277044854881267
759,T,False,400,0.5270092226613966
760,T,False,400,0.5263157894736842
761,T,False,400,0.5256241787122208
762,H,True,401,0.526246719160105
763,H,True,402,0.526867627785059
764,H,True,403,0.5274869109947644
765,H,True,404,0.5281045751633987
766,H,True,405,0.5287206266318538
767,T,False,405,0.5280312907431551
768,H,True,406,0.5286458333333334
769,H,True,407,0.52925877763329
770,T,False,407,0.5285714285714286
771,T,False,407,0.5278858625162127
772,T,False,407,0.5272020725388601
773,H,True,408,0.5278137128072445
774,T,False,408,0.5271317829457365
775,T,False,408,0.5264516129032258
776,T,False,408,0.5257731958762887
777,T,False,408,0.525096525096525
778,H,True,409,0.525706940874036
779,H,True,410,0.5263157894736842
780,T,False,410,0.5256410256410257
781,H,True,411,0.5262483994878361
782,H,True,412,0.5268542199488491
783,H,True,413,0.5274584929757343
784,T,False,413,0.5267857142857143
785,T,False,413,0.5261146496815287
786,H,True,414,0.5267175572519084
787,H,True,415,0.5273189326556544
788,H,True,416,0.5279187817258884
789,H,True,417,0.5285171102661597
790,T,False,417,0.5278481012658228
791,T,False,417,0.527180783817952
792,H,True,418,0.5277777777777778
793,T,False,418,0.5271122320302648
794,H,True,419,0.5277078085642317
795,T,False,419,0.5270440251572327
796,H,True,420,0.5276381909547738
797,T,False,420,0.5269761606022585
798,H,True,421,0.5275689223057645
799,T,False,421,0.5269086357947435
800,H,True,422,0.5275
801,H,True,423,0.5280898876404494
802,H,True,424,0.5286783042394015
803,T,False,424,0.5280199252801993
804,T,False,424,0.527363184079602
805,T,False,424,0.5267080745341615
806,T,False,424,0.5260545905707196
807,T,False,424,0.5254027261462205
808,T,False,424,0.5247524752475248
809,H,True,425,0.5253399258343634
810,T,False,425,0.5246913580246914
811,T,False,425,0.5240443896424167
812,H,True,426,0.5246305418719212
813,H,True,427,0.5252152521525215
814,H,True,428,0.5257985257985258
815,H,True,429,0.5263803680981595
816,H,True,430,0.5269607843137255
817,T,False,430,0.5263157894736842
818,H,True,431,0.5268948655256723
819,H,True,432,0.5274725274725275
820,T,False,432,0.526829268292683
821,H,True,433,0.5274056029232643
822,T,False,433,0.5267639902676399
823,T,False,433,0.5261239368165249
824,H,True,434,0.5266990291262136
825,T,False,434,0.526060606060606
826,H,True,435,0.5266343825665859
827,T,False,435,0.5259975816203144
828,H,True,436,0.5265700483091788
829,T,False,436,0.525934861278649
830,H,True,437,0.5265060240963856
831,H,True,438,0.5270758122743683
832,H,True,439,0.5276442307692307
833,T,False,439,0.5270108043217286
834,T,False,439,0.526378896882494
835,T,False,439,0.525748502994012
836,H,True,440,0.5263157894736842
837,H,True,441,0.5268817204301075
838,H,True,442,0.5274463007159904
839,T,False,442,0.5268176400476758
840,T,False,442,0.5261904761904762
841,H,True,443,0.5267538644470868
842,H,True,444,0.5273159144893111
843,T,False,444,0.5266903914590747
844,T,False,444,0.5260663507109005
845,H,True,445,0.5266272189349113
846,H,True,446,0.5271867612293144
847,H,True,447,0.5277449822904369
848,T,False,447,0.527122641509434
849,T,False,447,0.5265017667844523
850,T,False,447,0.5258823529411765
851,H,True,448,0.5264394829612221
852,T,False,448,0.5258215962441315
853,H,True,449,0.5263774912075029
854,H,True,450,0.5269320843091335
855,T,False,450,0.5263157894736842
856,H,True,451,0.5268691588785047
857,T,False,451,0.5262543757292882
858,T,False,451,0.5256410256410257
859,H,True,452,0.5261932479627474
860,T,False,452,0.5255813953488372
861,H,True,453,0.5261324041811847
862,T,False,453,0.525522041763341
863,T,False,453,0.5249130938586327
864,T,False,453,0.5243055555555556
865,H,True,454,0.5248554913294797
866,T,False,454,0.5242494226327945
867,H,True,455,0.52479815455594
868,H,True,456,0.5253456221198156
869,H,True,457,0.525891829689298
870,T,False,457,0.5252873563218391
871,H,True,458,0.5258323765786452
872,T,False,458,0.5252293577981652
873,T,False,458,0.5246277205040092
874,T,False,458,0.5240274599542334
875,T,False,458,0.5234285714285715
876,H,True,459,0.523972602739726
877,T,False,459,0.5233751425313569
878,H,True,460,0.5239179954441914
879,T,False,460,0.5233219567690558
880,H,True,461,0.5238636363636363
881,H,True,462,0.5244040862656073
882,T,False,462,0.5238095238095238
883,T,False,462,0.5232163080407701
884,T,False,462,0.5226244343891403
885,H,True,463,0.5231638418079096
886,T,False,463,0.5225733634311512
887,T,False,463,0.5219842164599775
888,T,False,463,0.5213963963963963
889,T,False,463,0.5208098987626547
890,H,True,464,0.5213483146067416
891,T,False,464,0.5207631874298541
892,H,True,465,0.5213004484304933
893,T,False,465,0.5207166853303471
894,T,False,465,0.5201342281879194
895,H,True,466,0.5206703910614525
896,T,False,466,0.5200892857142857
897,T,False,466,0.5195094760312151
898,T,False,466,0.5189309576837416
899,T,False,466,0.5183537263626251
900,H,True,467,0.5188888888888888
901,T,False,467,0.5183129855715871
902,T,False,467,0.5177383592017738
903,H,True,468,0.5182724252491694
904,T,False,468,0.5176991150442478
905,T,False,468,0.5171270718232044
906,T,False,468,0.5165562913907285
907,T,False,468,0.515986769570011
908,H,True,469,0.5165198237885462
909,H,True,470,0.517051705170517
910,H,True,471,0.5175824175824176
911,T,False,471,0.5170142700329309
912,H,True,472,0.5175438596491229
913,T,False,472,0.5169769989047097
914,H,True,473,0.5175054704595186
915,T,False,473,0.5169398907103825
916,H,True,474,0.517467248908297
917,H,True,475,0.5179934569247546
918,T,False,475,0.5174291938997821
919,H,True,476,0.5179542981501633
920,H,True,477,0.5184782608695652
921,T,False,477,0.5179153094462541
922,H,True,478,0.5184381778741866
923,H,True,479,0.5189599133261105
924,H,True,480,0.5194805194805194
925,T,False,480,0.518918918918919
926,H,True,481,0.519438444924406
927,T,False,481,0.5188781014023732
928,T,False,481,0.5183189655172413
929,H,True,482,0.5188374596340151
930,H,True,483,0.5193548387096775
931,H,True,484,0.5198711063372717
932,H,True,485,0.5203862660944206
933,T,False,485,0.5198285101822079
934,H,True,486,0.5203426124197003
935,H,True,487,0.520855614973262
936,T,False,487,0.5202991452991453
937,H,True,488,0.5208110992529349
938,T,False,488,0.5202558635394456
939,H,True,489,0.5207667731629393
940,H,True,490,0.5212765957446809
941,H,True,491,0.5217853347502657
942,H,True,492,0.5222929936305732
943,H,True,493,0.5227995758218452
944,T,False,493,0.5222457627118644
945,H,True,494,0.5227513227513227
946,H,True,495,0.5232558139534884
947,T,False,495,0.5227032734952481
948,H,True,496,0.5232067510548524
949,T,False,496,0.5226554267650158
950,H,True,497,0.5231578947368422
951,T,False,497,0.5226077812828601
952,H,True,498,0.523109243697479
953,T,False,498,0.5225603357817419
954,H,True,499,0.5230607966457023
955,T,False,499,0.5225130890052356
956,T,False,499,0.5219665271966527
957,T,False,499,0.5214211076280042
958,H,True,500,0.5219206680584552
959,T,False,500,0.5213764337851929
960,H,True,501,0.521875
961,T,False,501,0.5213319458896982
962,T,False,501,0.5207900207900208
963,H,True,502,0.5212876427829699
964,T,False,502,0.520746887966805
965,H,True,503,0.5212435233160622
966,T,False,503,0.520703933747412
967,H,True,504,0.5211995863495347
968,H,True,505,0.5216942148760331
969,H,True,506,0.52218782249742
970,T,False,506,0.5216494845360825
971,H,True,507,0.5221421215242018
972,T,False,507,0.5216049382716049
973,T,False,507,0.5210688591983555
974,H,True,508,0.5215605749486653
975,T,False,508,0.521025641025641
976,T,False,508,0.5204918032786885
977,H,True,509,0.5209825997952917
978,T,False,509,0.5204498977505112
979,H,True,510,0.5209397344228804
980,T,False,510,0.5204081632653061
981,T,False,510,0.5198776758409785
982,T,False,510,0.5193482688391039
983,H,True,511,0.5198372329603256
984,H,True,512,0.5203252032520326
985,H,True,513,0.5208121827411167
986,H,True,514,0.5212981744421906
987,H,True,515,0.5217831813576495
988,H,True,516,0.5222672064777328
989,H,True,517,0.5227502527805864
990,H,True,518,0.5232323232323233
991,H,True,519,0.5237134207870837
992,T,False,519,0.5231854838709677
993,H,True,520,0.5236656596173213
994,T,False,520,0.5231388329979879
995,T,False,520,0.5226130653266332
996,T,False,520,0.5220883534136547
997,T,False,520,0.5215646940822467
998,T,False,520,0.5210420841683366
999,H,True,521,0.5215215215215215
1000,T,False,521,0.521
1001,T,False,521,0.5204795204795205
1002,H,True,522,0.5209580838323353
1003,T,False,522,0.5204386839481555
1004,H,True,523,0.5209163346613546
1005,H,True,524,0.5213930348258706
1006,H,True,525,0.5218687872763419
1007,H,True,526,0.522343594836147
1008,T,False,526,0.5218253968253969
1009,T,False,526,0.5213082259663032
1010,H,True,527,0.5217821782178218
1011,T,False,527,0.5212660731948566
1012,H,True,528,0.5217391304347826
1013,H,True,529,0.5222112537018756
1014,T,False,529,0.5216962524654832
1015,H,True,530,0.5221674876847291
1016,H,True,531,0.5226377952755905
1017,T,False,531,0.5221238938053098
1018,H,True,532,0.5225933202357563
1019,H,True,533,0.5230618253189402
1020,H,True,534,0.5235294117647059
1021,H,True,535,0.5239960822722821
1022,H,True,536,0.5244618395303327
1023,H,True,537,0.5249266862170088
1024,H,True,538,0.525390625
1025,T,False,538,0.5248780487804878
1026,H,True,539,0.5253411306042886
1027,H,True,540,0.5258033106134372
1028,T,False,540,0.5252918287937743
1029,H,True,541,0.5257531584062196
1030,T,False,541,0.525242718446602
1031,T,False,541,0.524733268671193
1032,H,True,542,0.5251937984496124
1033,H,True,543,0.5256534365924492
1034,T,False,543,0.5251450676982592
1035,T,False,543,0.5246376811594203
1036,H,True,544,0.525096525096525
1037,T,False,544,0.5245901639344263
1038,H,True,545,0.5250481695568401
1039,T,False,545,0.5245428296438883
1040,H,True,546,0.525
1041,H,True,547,0.5254562920268973
1042,T,False,547,0.5249520153550864
1043,H,True,548,0.5254074784276127
1044,H,True,549,0.5258620689655172
1045,H,True,550,0.5263157894736842
1046,H,True,551,0.5267686424474187
1047,T,False,551,0.5262655205348615
1048,H,True,552,0.5267175572519084
1049,H,True,553,0.5271687321258341
1050,T,False,553,0.5266666666666666
1051,H,True,554,0.527117031398668
1052,T,False,554,0.526615969581749
1053,T,False,554,0.5261158594491928
1054,T,False,554,0.5256166982922201
1055,T,False,554,0.5251184834123223
1056,T,False,554,0.5246212121212122
1057,H,True,555,0.5250709555345316
1058,H,True,556,0.5255198487712666
1059,T,False,556,0.5250236071765817
1060,T,False,556,0.5245283018867924
1061,H,True,557,0.5249764373232799
1062,T,False,557,0.524482109227872
1063,H,True,558,0.5249294449670743
1064,H,True,559,0.525375939849624
1065,H,True,560,0.5258215962441315
1066,T,False,560,0.525328330206379
1067,T,False,560,0.5248359887535146
1068,T,False,560,0.5243445692883895
1069,H,True,561,0.5247895229186156
1070,H,True,562,0.525233644859813
1071,T,False,562,0.5247432306255836
1072,H,True,563,0.5251865671641791
1073,H,True,564,0.5256290773532153
1074,T,False,564,0.5251396648044693
1075,H,True,565,0.5255813953488372
1076,T,False,565,0.525092936802974
1077,H,True,566,0.5255338904363974
1078,H,True,567,0.525974025974026
1079,T,False,567,0.5254865616311399
1080,H,True,568,0.5259259259259259
1081,T,False,568,0.5254394079555966
1082,H,True,569,0.5258780036968577
1083,T,False,569,0.5253924284395198
1084,H,True,570,0.525830258302583
1085,H,True,571,0.5262672811059907
1086,T,False,571,0.5257826887661142
1087,T,False,571,0.5252989880404784
1088,T,False,571,0.5248161764705882
1089,T,False,571,0.5243342516069789
1090,H,True,572,0.5247706422018349
1091,H,True,573,0.5252062328139322
1092,T,False,573,0.5247252747252747
1093,H,True,574,0.52516010978957
1094,T,False,574,0.5246800731261426
1095,H,True,575,0.5251141552511416
1096,H,True,576,0.5255474452554745
1097,H,True,577,0.5259799453053783
1098,H,True,578,0.5264116575591985
1099,H,True,579,0.5268425841674249
1100,H,True,580,0.5272727272727272
1101,T,False,580,0.5267938237965486
1102,H,True,581,0.5272232304900182
1103,T,False,581,0.5267452402538532
1104,H,True,582,0.5271739130434783
1105,T,False,582,0.5266968325791855
1106,T,False,582,0.5262206148282098
1107,H,True,583,0.5266485998193315
1108,T,False,583,0.526173285198556
1109,T,False,583,0.5256988277727682
1110,H,True,584,0.5261261261261261
1111,H,True,585,0.5265526552655265
1112,T,False,585,0.5260791366906474
1113,T,False,585,0.5256064690026954
1114,H,True,586,0.526032315978456
1115,H,True,587,0.526457399103139
1116,T,False,587,0.5259856630824373
1117,T,False,587,0.5255147717099373
1118,T,False,587,0.5250447227191414
1119,H,True,588,0.5254691689008043
1120,H,True,589,0.5258928571428572
1121,T,False,589,0.5254237288135594
1122,T,False,589,0.5249554367201426
1123,H,True,590,0.5253784505788067
1124,T,False,590,0.5249110320284698
1125,H,True,591,0.5253333333333333
1126,H,True,592,0.5257548845470693
1127,T,False,592,0.5252883762200532
1128,T,False,592,0.524822695035461
1129,T,False,592,0.5243578387953941
1130,T,False,592,0.5238938053097345
1131,H,True,593,0.5243147656940761
1132,H,True,594,0.5247349823321554
1133,T,False,594,0.5242718446601942
1134,T,False,594,0.5238095238095238
1135,T,False,594,0.5233480176211454
1136,T,False,594,0.522887323943662
1137,H,True,595,0.523306948109059
1138,T,False,595,0.5228471001757469
1139,H,True,596,0.5232660228270413
1140,T,False,596,0.5228070175438596
1141,H,True,597,0.523225241016652
1142,H,True,598,0.5236427320490368
1143,H,True,599,0.5240594925634295
1144,T,False,599,0.5236013986013986
1145,H,True,600,0.5240174672489083
1146,T,False,600,0.5235602094240838
1147,T,False,600,0.5231037489102005
1148,T,False,600,0.5226480836236934
1149,T,False,600,0.5221932114882507
1150,T,False,600,0.5217391304347826
1151,H,True,601,0.522154648132059
1152,H,True,602,0.5225694444444444
1153,H,True,603,0.5229835212489159
1154,T,False,603,0.5225303292894281
1155,H,True,604,0.5229437229437229
1156,T,False,604,0.5224913494809689
1157,T,False,604,0.5220397579948142
1158,H,True,605,0.5224525043177893
1159,H,True,606,0.5228645383951682
1160,T,False,606,0.5224137931034483
1161,T,False,606,0.5219638242894057
1162,H,True,607,0.5223752151462995
1163,H,True,608,0.5227858985382631
1164,H,True,609,0.5231958762886598
1165,H,True,610,0.5236051502145923
1166,H,True,611,0.5240137221269296
1167,T,False,611,0.5235646958011997
1168,H,True,612,0.523972602739726
1169,T,False,612,0.523524379811805
1170,H,True,613,0.523931623931624
1171,T,False,613,0.5234842015371477
1172,H,True,614,0.5238907849829352
1173,T,False,614,0.5234441602728048
1174,T,False,614,0.5229982964224872
1175,T,False,614,0.5225531914893617
1176,H,True,615,0.5229591836734694
1177,H,True,616,0.5233644859813084
1178,H,True,617,0.5237691001697793
1179,H,True,618,0.5241730279898219
1180,T,False,618,0.523728813559322
1181,H,True,619,0.5241320914479255
1182,H,True,620,0.5245346869712352
1183,H,True,621,0.5249366018596788
1184,H,True,622,0.5253378378378378
1185,T,False,622,0.5248945147679325
1186,H,True,623,0.5252951096121417
1187,H,True,624,0.5256950294860994
1188,H,True,625,0.5260942760942761
1189,T,False,625,0.5256518082422204
1190,H,True,626,0.5260504201680672
1191,H,True,627,0.5264483627204031
1192,H,True,628,0.5268456375838926
1193,H,True,629,0.5272422464375524
1194,T,False,629,0.5268006700167505
1195,H,True,630,0.5271966527196653
1196,T,False,630,0.5267558528428093
1197,H,True,631,0.5271512113617377
1198,T,False,631,0.5267111853088481
1199,H,True,632,0.5271059216013344
1200,T,False,632,0.5266666666666666
1201,H,True,633,0.5270607826810991
1202,H,True,634,0.5274542429284526
1203,H,True,635,0.5278470490440565
1204,T,False,635,0.5274086378737541
1205,T,False,635,0.5269709543568465
1206,T,False,635,0.5265339966832504
1207,H,True,636,0.5269262634631318
1208,H,True,637,0.527317880794702
1209,H,True,638,0.5277088502894954
1210,H,True,639,0.528099173553719
1211,H,True,640,0.5284888521882741
1212,H,True,641,0.5288778877887789
1213,H,True,642,0.5292662819455894
1214,H,True,643,0.5296540362438221
1215,T,False,643,0.5292181069958848
1216,H,True,644,0.5296052631578947
1217,H,True,645,0.5299917830731307
1218,T,False,645,0.5295566502463054
1219,T,False,645,0.5291222313371616
1220,T,False,645,0.5286885245901639
1221,H,True,646,0.5290745290745291
1222,T,False,646,0.5286415711947627
1223,H,True,647,0.5290269828291088
1224,T,False,647,0.5285947712418301
1225,H,True,648,0.5289795918367347
1226,T,False,648,0.5285481239804242
1227,T,False,648,0.5281173594132029
1228,T,False,648,0.5276872964169381
1229,H,True,649,0.5280716029292107
1230,T,False,649,0.5276422764227642
1231,H,True,650,0.5280259951259139
1232,T,False,650,0.5275974025974026
1233,H,True,651,0.5279805352798054
1234,H,True,652,0.5283630470016207
1235,T,False,652,0.5279352226720648
1236,T,False,652,0.5275080906148867
1237,T,False,652,0.5270816491511722
1238,T,False,652,0.5266558966074314
1239,T,False,652,0.5262308313155771
1240,H,True,653,0.5266129032258065
1241,T,False,653,0.5261885576148267
1242,T,False,653,0.5257648953301127
1243,T,False,653,0.5253419147224457
1244,H,True,654,0.5257234726688103
1245,H,True,655,0.5261044176706827
1246,T,False,655,0.5256821829855538
1247,T,False,655,0.5252606255012029
1248,T,False,655,0.5248397435897436
1249,T,False,655,0.5244195356285029
1250,H,True,656,0.5248
1251,T,False,656,0.5243804956035172
1252,T,False,656,0.5239616613418531
1253,T,False,656,0.5235434956105347
1254,H,True,657,0.5239234449760766
1255,T,False,657,0.5235059760956176
1256,H,True,658,0.5238853503184714
1257,H,True,659,0.5242641209228321
1258,T,False,659,0.5238473767885533
1259,T,False,659,0.5234312946783162
1260,H,True,660,0.5238095238095238
1261,H,True,661,0.5241871530531325
1262,H,True,662,0.5245641838351822
1263,T,False,662,0.5241488519398259
1264,H,True,663,0.5245253164556962
1265,T,False,663,0.5241106719367589
1266,T,False,663,0.523696682464455
1267,H,True,664,0.5240726124704025
1268,T,False,664,0.5236593059936908
1269,T,False,664,0.5232466509062254
1270,H,True,665,0.5236220472440944
1271,H,True,666,0.5239968528717546
1272,H,True,667,0.52437106918239
1273,H,True,668,0.5247446975648076
1274,T,False,668,0.5243328100470958
1275,T,False,668,0.523921568627451
1276,H,True,669,0.524294670846395
1277,H,True,670,0.5246671887235709
1278,H,True,671,0.525039123630673
1279,T,False,671,0.524628616106333
1280,T,False,671,0.52421875
1281,H,True,672,0.5245901639344263
1282,H,True,673,0.5249609984399376
1283,T,False,673,0.524551831644583
1284,H,True,674,0.5249221183800623
1285,H,True,675,0.5252918287937743
1286,T,False,675,0.5248833592534993
1287,T,False,675,0.5244755244755245
1288,H,True,676,0.5248447204968945
1289,T,False,676,0.5244375484871994
1290,T,False,676,0.524031007751938
1291,H,True,677,0.5243996901626646
1292,T,False,677,0.5239938080495357
1293,T,False,677,0.5235885537509667
1294,T,False,677,0.5231839258114374
1295,T,False,677,0.5227799227799228
1296,T,False,677,0.5223765432098766
1297,T,False,677,0.5219737856592136
1298,H,True,678,0.522342064714946
1299,H,True,679,0.5227097767513472
1300,T,False,679,0.5223076923076924
1301,H,True,680,0.5226748654880861
1302,T,False,680,0.522273425499232
1303,T,False,680,0.5218726016884113
1304,T,False,680,0.5214723926380368
1305,T,False,680,0.5210727969348659
1306,H,True,681,0.5214395099540582
1307,T,False,681,0.5210405508798776
1308,H,True,682,0.5214067278287462
1309,H,True,683,0.5217723453017571
1310,H,True,684,0.5221374045801527
1311,H,True,685,0.5225019069412662
1312,H,True,686,0.5228658536585366
1313,T,False,686,0.5224676313785225
1314,T,False,686,0.5220700152207002
1315,H,True,687,0.5224334600760456
1316,H,True,688,0.5227963525835866
1317,T,False,688,0.5223993925588458
1318,H,True,689,0.5227617602427921
1319,H,True,690,0.5231235784685367
1320,H,True,691,0.5234848484848484
1321,T,False,691,0.5230885692657078
1322,T,False,691,0.5226928895612708
1323,H,True,692,0.5230536659108088
1324,H,True,693,0.5234138972809668
1325,H,True,694,0.5237735849056604
1326,H,True,695,0.524132730015083
1327,H,True,696,0.5244913338357197
1328,T,False,696,0.5240963855421686
1329,H,True,697,0.5244544770504138
1330,H,True,698,0.524812030075188
1331,H,True,699,0.5251690458302029
1332,T,False,699,0.5247747747747747
1333,H,True,700,0.5251312828207052
1334,H,True,701,0.525487256371814
1335,T,False,701,0.5250936329588015
1336,H,True,702,0.5254491017964071
1337,H,True,703,0.5258040388930442
1338,T,False,703,0.5254110612855007
1339,T,False,703,0.5250186706497386
1340,T,False,703,0.5246268656716417
1341,H,True,704,0.5249813571961223
1342,H,True,705,0.5253353204172876
1343,H,True,706,0.5256887565152644
1344,H,True,707,0.5260416666666666
1345,H,True,708,0.5263940520446097
1346,H,True,709,0.5267459138187222
1347,H,True,710,0.5270972531551597
1348,H,True,711,0.5274480712166172
1349,H,True,712,0.5277983691623425
1350,T,False,712,0.5274074074074074
1351,H,True,713,0.5277572168763879
1352,H,True,714,0.5281065088757396
1353,T,False,714,0.5277161862527716
1354,T,False,714,0.5273264401772526
1355,H,True,715,0.5276752767527675
1356,H,True,716,0.528023598820059
1357,T,False,716,0.5276344878408253
1358,T,False,716,0.5272459499263623
1359,H,True,717,0.5275938189845475
1360,H,True,718,0.5279411764705882
1361,T,False,718,0.5275532696546656
1362,H,True,719,0.5279001468428781
1363,T,False,719,0.5275128393250184
1364,H,True,720,0.5278592375366569
1365,H,True,721,0.5282051282051282
1366,H,True,722,0.5285505124450952
1367,H,True,723,0.528895391367959
1368,T,False,723,0.5285087719298246
1369,H,True,724,0.5288531775018261
1370,H,True,725,0.5291970802919708
1371,T,False,725,0.5288110867979577
1372,T,False,725,0.5284256559766763
1373,T,False,725,0.528040786598689
1374,H,True,726,0.5283842794759825
1375,H,True,727,0.5287272727272727
1376,T,False,727,0.528343023255814
1377,T,False,727,0.5279593318809005
1378,H,True,728,0.5283018867924528
1379,T,False,728,0.5279187817258884
1380,H,True,729,0.5282608695652173
1381,T,False,729,0.5278783490224475
1382,T,False,729,0.5274963820549927
1383,T,False,729,0.527114967462039
1384,H,True,730,0.5274566473988439
1385,T,False,730,0.5270758122743683
1386,H,True,731,0.5274170274170275
1387,H,True,732,0.5277577505407354
1388,H,True,733,0.5280979827089337
1389,T,False,733,0.5277177825773938
1390,H,True,734,0.5280575539568345
1391,T,False,734,0.5276779295470885
1392,H,True,735,0.5280172413793104
1393,H,True,736,0.5283560660445082
1394,T,False,736,0.5279770444763271
1395,H,True,737,0.5283154121863799
1396,T,False,737,0.5279369627507163
1397,H,True,738,0.5282748747315676
1398,T,False,738,0.5278969957081545
1399,T,False,738,0.5275196568977841
1400,H,True,739,0.5278571428571428
1401,T,False,739,0.5274803711634547
1402,T,False,739,0.5271041369472182
1403,H,True,740,0.5274411974340698
1404,H,True,741,0.5277777777777778
1405,H,True,742,0.5281138790035588
1406,T,False,742,0.5277382645803699
1407,T,False,742,0.527363184079602
1408,H,True,743,0.5276988636363636
1409,H,True,744,0.5280340667139816
1410,H,True,745,0.5283687943262412
1411,H,True,746,0.5287030474840538
1412,T,False,746,0.5283286118980169
1413,H,True,747,0.5286624203821656
1414,H,True,748,0.5289957567185289
1415,T,False,748,0.5286219081272084
1416,H,True,749,0.528954802259887
1417,H,True,750,0.529287226534933
1418,H,True,751,0.5296191819464033
1419,H,True,752,0.5299506694855532
1420,T,False,752,0.5295774647887324
1421,T,False,752,0.5292047853624209
1422,H,True,753,0.5295358649789029
1423,H,True,754,0.5298664792691496
1424,T,False,754,0.5294943820224719
1425,H,True,755,0.5298245614035088
1426,H,True,756,0.5301542776998598
1427,H,True,757,0.5304835318850736
1428,T,False,757,0.5301120448179272
1429,H,True,758,0.5304408677396781
1430,T,False,758,0.5300699300699301
1431,H,True,759,0.5303983228511531
1432,T,False,759,0.5300279329608939
1433,T,False,759,0.5296580600139568
1434,T,False,759,0.5292887029288703
1435,H,True,760,0.5296167247386759
1436,T,False,760,0.5292479108635098
1437,H,True,761,0.5295755045233125
1438,H,True,762,0.5299026425591099
1439,T,False,762,0.5295343988881167
1440,H,True,763,0.5298611111111111
1441,T,False,763,0.5294934073560028
1442,H,True,764,0.5298196948682385
1443,H,True,765,0.5301455301455301
1444,H,True,766,0.5304709141274239
1445,H,True,767,0.5307958477508651
1446,H,True,768,0.5311203319502075
1447,H,True,769,0.5314443676572218
1448,T,False,769,0.5310773480662984
1449,H,True,770,0.5314009661835749
1450,T,False,770,0.5310344827586206
1451,T,False,770,0.5306685044796692
1452,T,False,770,0.5303030303030303
1453,H,True,771,0.5306262904335857
1454,H,True,772,0.530949105914718
1455,T,False,772,0.5305841924398625
1456,T,False,772,0.5302197802197802
1457,T,False,772,0.5298558682223747
1458,T,False,772,0.5294924554183813
1459,T,False,772,0.5291295407813571
1460,H,True,773,0.5294520547945205
1461,T,False,773,0.5290896646132786
1462,H,True,774,0.5294117647058824
1463,T,False,774,0.5290498974709501
1464,H,True,775,0.5293715846994536
1465,T,False,775,0.5290102389078498
1466,H,True,776,0.529331514324693
1467,H,True,777,0.5296523517382413
1468,T,False,777,0.529291553133515
1469,H,True,778,0.5296119809394145
1470,H,True,779,0.5299319727891156
1471,T,False,779,0.5295717199184229
1472,T,False,779,0.5292119565217391
1473,T,False,779,0.5288526816021725
1474,T,False,779,0.5284938941655359
1475,H,True,780,0.5288135593220339
1476,T,False,780,0.5284552845528455
1477,H,True,781,0.5287745429925524
1478,H,True,782,0.5290933694181326
1479,H,True,783,0.5294117647058824
1480,T,False,783,0.529054054054054
1481,T,False,783,0.5286968264686023
1482,H,True,784,0.5290148448043185
1483,T,False,784,0.528658125421443
1484,T,False,784,0.5283018867924528
1485,T,False,784,0.5279461279461279
1486,T,False,784,0.5275908479138627
1487,H,True,785,0.5279085406859448
1488,T,False,785,0.5275537634408602
1489,T,False,785,0.5271994627266622
1490,T,False,785,0.5268456375838926
1491,H,True,786,0.5271629778672032
1492,H,True,787,0.5274798927613941
1493,T,False,787,0.5271265907568654
1494,H,True,788,0.5274431057563588
1495,T,False,788,0.5270903010033445
1496,H,True,789,0.5274064171122995
1497,T,False,789,0.5270541082164328
1498,H,True,790,0.527369826435247
1499,H,True,791,0.5276851234156104
1500,T,False,791,0.5273333333333333
1501,T,False,791,0.5269820119920053
1502,T,False,791,0.5266311584553928
1503,T,False,791,0.5262807717897539
1504,T,False,791,0.5259308510638298
1505,H,True,792,0.5262458471760797
1506,H,True,793,0.5265604249667994
1507,T,False,793,0.5262110152621101
1508,T,False,793,0.5258620689655172
1509,T,False,793,0.5255135851557323
1510,T,False,793,0.5251655629139073
1511,T,False,793,0.5248180013236268
1512,T,False,793,0.5244708994708994
1513,T,False,793,0.5241242564441507
1514,T,False,793,0.5237780713342141
1515,T,False,793,0.5234323432343234
1516,H,True,794,0.5237467018469657
1517,H,True,795,0.5240606460118655
1518,H,True,796,0.5243741765480896
1519,H,True,797,0.5246872942725477
1520,H,True,798,0.525
1521,T,False,798,0.52465483234714
1522,H,True,799,0.5249671484888305
1523,H,True,800,0.525279054497702
1524,H,True,801,0.5255905511811023
1525,T,False,801,0.5252459016393443
1526,H,True,802,0.5255570117955439
1527,H,True,803,0.5258677144728225
1528,T,False,803,0.525523560209424
1529,T,False,803,0.5251798561151079
1530,H,True,804,0.5254901960784314
1531,H,True,805,0.5258001306335728
1532,T,False,805,0.5254569190600522
1533,H,True,806,0.5257664709719504
1534,H,True,807,0.5260756192959583
1535,T,False,807,0.5257328990228013
1536,H,True,808,0.5260416666666666
1537,H,True,809,0.5263500325309044
1538,T,False,809,0.5260078023407022
1539,H,True,810,0.5263157894736842
1540,H,True,811,0.5266233766233767
1541,H,True,812,0.526930564568462
1542,H,True,813,0.5272373540856031
1543,T,False,813,0.5268956578094621
1544,H,True,814,0.5272020725388601
1545,H,True,815,0.5275080906148867
1546,T,False,815,0.5271668822768435
1547,H,True,816,0.5274725274725275
1548,T,False,816,0.5271317829457365
1549,T,False,816,0.526791478373144
1550,H,True,817,0.5270967741935484
1551,T,False,817,0.5267569310122502
1552,T,False,817,0.5264175257731959
1553,H,True,818,0.5267224726336124
1554,T,False,818,0.5263835263835264
1555,H,True,819,0.5266881028938907
1556,T,False,819,0.5263496143958869
1557,T,False,819,0.5260115606936416
1558,H,True,820,0.5263157894736842
1559,T,False,820,0.5259781911481719
1560,H,True,821,0.5262820512820513
1561,T,False,821,0.5259449071108264
1562,T,False,821,0.5256081946222791
1563,T,False,821,0.5252719129878439
1564,H,True,822,0.5255754475703325
1565,T,False,822,0.5252396166134186
1566,T,False,822,0.524904214559387
1567,H,True,823,0.5252074026802808
1568,T,False,823,0.5248724489795918
1569,T,False,823,0.5245379222434672
1570,T,False,823,0.524203821656051
1571,T,False,823,0.5238701464035647
1572,T,False,823,0.5235368956743003
1573,H,True,824,0.5238397965670692
1574,T,False,824,0.5235069885641678
1575,H,True,825,0.5238095238095238
1576,T,False,825,0.5234771573604061
1577,T,False,825,0.523145212428662
1578,T,False,825,0.5228136882129277
1579,H,True,826,0.5231158961367954
1580,T,False,826,0.5227848101265823
1581,H,True,827,0.5230866540164453
1582,T,False,827,0.52275600505689
1583,H,True,828,0.5230574857864814
1584,T,False,828,0.5227272727272727
1585,H,True,829,0.5230283911671925
1586,H,True,830,0.5233291298865069
1587,H,True,831,0.5236294896030246
1588,T,False,831,0.5232997481108312
1589,T,False,831,0.5229704216488358
1590,T,False,831,0.5226415094339623
1591,T,False,831,0.5223130106851037
1592,H,True,832,0.5226130653266332
1593,T,False,832,0.5222849968612681
1594,H,True,833,0.5225846925972396
1595,H,True,834,0.5228840125391849
1596,T,False,834,0.5225563909774437
1597,T,False,834,0.5222291797119599
1598,H,True,835,0.5225281602002503
1599,H,True,836,0.5228267667292058
1600,H,True,837,0.523125
1601,H,True,838,0.523422860712055
1602,H,True,839,0.5237203495630461
1603,H,True,840,0.5240174672489083
1604,T,False,840,0.5236907730673317
1605,H,True,841,0.52398753894081
1606,T,False,841,0.5236612702366127
1607,T,False,841,0.523335407591786
1608,H,True,842,0.5236318407960199
1609,H,True,843,0.5239279055313859
1610,H,True,844,0.5242236024844721
1611,T,False,844,0.5238981998758535
1612,H,True,845,0.5241935483870968
1613,H,True,846,0.5244885306881587
1614,H,True,847,0.5247831474597274
1615,T,False,847,0.5244582043343653
1616,H,True,848,0.5247524752475248
1617,H,True,849,0.5250463821892394
1618,H,True,850,0.5253399258343634
1619,T,False,850,0.5250154416306362
1620,T,False,850,0.5246913580246914
1621,T,False,850,0.5243676742751388
1622,H,True,851,0.5246609124537608
1623,T,False,851,0.5243376463339495
1624,H,True,852,0.5246305418719212
1625,H,True,853,0.5249230769230769
1626,H,True,854,0.5252152521525215
1627,H,True,855,0.5255070682237246
1628,T,False,855,0.5251842751842751
1629,H,True,856,0.525475751995089
1630,T,False,856,0.5251533742331288
1631,T,False,856,0.5248313917841815
1632,T,False,856,0.5245098039215687
1633,H,True,857,0.5248009797917943
1634,T,False,857,0.5244798041615667
1635,H,True,858,0.5247706422018349
1636,T,False,858,0.5244498777506112
1637,H,True,859,0.5247403787416005
1638,T,False,859,0.5244200244200244
1639,T,False,859,0.5241000610128127
1640,T,False,859,0.5237804878048781
1641,T,False,859,0.5234613040828763
1642,T,False,859,0.523142509135201
1643,T,False,859,0.5228241022519781
1644,H,True,860,0.5231143552311436
1645,H,True,861,0.5234042553191489
1646,H,True,862,0.5236938031591738
1647,H,True,863,0.5239829993928354
1648,T,False,863,0.5236650485436893
1649,T,False,863,0.5233474833232262
1650,H,True,864,0.5236363636363637
1651,T,False,864,0.5233192004845548
1652,T,False,864,0.5230024213075061
1653,H,True,865,0.5232909860859044
1654,H,True,866,0.5235792019347038
1655,T,False,866,0.5232628398791541
1656,H,True,867,0.5235507246376812
1657,H,True,868,0.523838261919131
1658,T,False,868,0.5235223160434258
1659,H,True,869,0.5238095238095238
1660,H,True,870,0.5240963855421686
1661,H,True,871,0.5243829018663456
1662,T,False,871,0.5240673886883274
1663,T,False,871,0.523752254960914
1664,H,True,872,0.5240384615384616
1665,T,False,872,0.5237237237237238
1666,H,True,873,0.5240096038415366
1667,H,True,874,0.5242951409718056
1668,T,False,874,0.5239808153477218
1669,H,True,875,0.524266027561414
1670,H,True,876,0.5245508982035928
1671,H,True,877,0.5248354278874925
1672,H,True,878,0.5251196172248804
1673,H,True,879,0.525403466826061
1674,T,False,879,0.525089605734767
1675,H,True,880,0.5253731343283582
1676,H,True,881,0.5256563245823389
1677,T,False,881,0.5253428741800835
1678,H,True,882,0.5256257449344458
1679,T,False,882,0.5253126861226921
1680,H,True,883,0.5255952380952381
1681,H,True,884,0.5258774538964902
1682,T,False,884,0.525564803804994
1683,T,False,884,0.5252525252525253
1684,H,True,885,0.5255344418052257
1685,T,False,885,0.5252225519287834
1686,T,False,885,0.5249110320284698
1687,H,True,886,0.5251926496739775
1688,T,False,886,0.5248815165876777
1689,H,True,887,0.5251628182356424
1690,T,False,887,0.5248520710059171
1691,H,True,888,0.5251330573625074
1692,T,False,888,0.524822695035461
1693,T,False,888,0.5245126993502658
1694,H,True,889,0.5247933884297521
1695,H,True,890,0.5250737463126843
1696,H,True,891,0.5253537735849056
1697,H,True,892,0.525633470830878
1698,T,False,892,0.525323910482921
1699,T,False,892,0.5250147145379636
1700,T,False,892,0.5247058823529411
1701,T,False,892,0.5243974132863022
1702,T,False,892,0.5240893066980024
1703,H,True,893,0.5243687610099824
1704,T,False,893,0.5240610328638498
1705,H,True,894,0.5243401759530791
1706,T,False,894,0.5240328253223916
1707,H,True,895,0.5243116578793204
1708,H,True,896,0.5245901639344263
1709,H,True,897,0.5248683440608543
1710,T,False,897,0.5245614035087719
1711,H,True,898,0.5248392752776154
1712,H,True,899,0.5251168224299065
1713,T,False,899,0.524810274372446
1714,H,True,900,0.5250875145857643
1715,T,False,900,0.5247813411078717
1716,H,True,901,0.5250582750582751
1717,H,True,902,0.5253348864298194
1718,H,True,903,0.5256111757857974
1719,T,False,903,0.525305410122164
1720,T,False,903,0.525
1721,T,False,903,0.5246949447995352
1722,T,False,903,0.524390243902439
1723,H,True,904,0.5246662797446314
1724,H,True,905,0.5249419953596288
1725,H,True,906,0.5252173913043479
1726,T,False,906,0.5249130938586327
1727,H,True,907,0.5251881876085698
1728,H,True,908,0.5254629629629629
1729,H,True,909,0.5257374204742625
1730,H,True,910,0.5260115606936416
1731,T,False,910,0.5257076834199884
1732,H,True,911,0.5259815242494227
1733,H,True,912,0.5262550490478938
1734,T,False,912,0.5259515570934256
1735,H,True,913,0.5262247838616715
1736,T,False,913,0.5259216589861752
1737,H,True,914,0.5261945883707542
1738,T,False,914,0.525891829689298
1739,H,True,915,0.5261644623346751
1740,H,True,916,0.5264367816091954
1741,T,False,916,0.5261344055140724
1742,H,True,917,0.5264064293915041
1743,T,False,917,0.5261044176706827
1744,H,True,918,0.5263761467889908
1745,H,True,919,0.526647564469914
1746,H,True,920,0.5269186712485682
1747,T,False,920,0.5266170578133944
1748,H,True,921,0.5268878718535469
1749,H,True,922,0.52715837621498
1750,T,False,922,0.5268571428571428
1751,H,True,923,0.5271273557966876
1752,H,True,924,0.5273972602739726
1753,H,True,925,0.5276668568168853
1754,H,True,926,0.5279361459521095
1755,H,True,927,0.5282051282051282
1756,T,False,927,0.5279043280182233
1757,H,True,928,0.5281730221969266
1758,H,True,929,0.5284414106939704
1759,T,False,929,0.5281409891984082
1760,T,False,929,0.5278409090909091
1761,H,True,930,0.5281090289608177
1762,H,True,931,0.5283768444948922
1763,T,False,931,0.5280771412365286
1764,H,True,932,0.528344671201814
1765,T,False,932,0.5280453257790368
1766,T,False,932,0.5277463193657984
1767,H,True,933,0.5280135823429541
1768,T,False,933,0.5277149321266968
1769,H,True,934,0.5279819106840022
1770,H,True,935,0.5282485875706214
1771,T,False,935,0.5279503105590062
1772,H,True,936,0.5282167042889391
1773,T,False,936,0.5279187817258884
1774,T,False,936,0.5276211950394588
1775,T,False,936,0.5273239436619719
1776,T,False,936,0.527027027027027
1777,H,True,937,0.5272931907709623
1778,T,False,937,0.5269966254218222
1779,T,False,937,0.5267003934794828
1780,T,False,937,0.5264044943820225
1781,H,True,938,0.5266704098820887
1782,H,True,939,0.5269360269360269
1783,T,False,939,0.5266404935501963
1784,H,True,940,0.5269058295964125
1785,H,True,941,0.527170868347339
1786,H,True,942,0.5274356103023516
1787,H,True,943,0.527700055959709
1788,T,False,943,0.5274049217002237
1789,T,False,943,0.5271101173840134
1790,H,True,944,0.5273743016759777
1791,T,False,944,0.5270798436627583
1792,H,True,945,0.52734375
1793,H,True,946,0.5276073619631901
1794,H,True,947,0.5278706800445931
1795,H,True,948,0.528133704735376
1796,H,True,949,0.5283964365256125
1797,H,True,950,0.528658875904285
1798,H,True,951,0.5289210233592881
1799,H,True,952,0.5291828793774319
1800,T,False,952,0.5288888888888889
1801,T,False,952,0.5285952248750694
1802,T,False,952,0.5283018867924528
1803,H,True,953,0.5285635052689961
1804,T,False,953,0.5282705099778271
1805,T,False,953,0.52797783933518
1806,T,False,953,0.5276854928017719
1807,H,True,954,0.5279468732706143
1808,T,False,954,0.5276548672566371
1809,T,False,954,0.527363184079602
1810,H,True,955,0.5276243093922652
1811,T,False,955,0.5273329652125898
1812,T,False,955,0.5270419426048565
1813,T,False,955,0.5267512410369554
1814,H,True,956,0.5270121278941565
1815,T,False,956,0.5267217630853994
1816,H,True,957,0.5269823788546255
1817,H,True,958,0.527242707760044
1818,H,True,959,0.5275027502750275
1819,T,False,959,0.5272127542605828
1820,T,False,959,0.5269230769230769
1821,T,False,959,0.5266337177375069
1822,T,False,959,0.526344676180022
1823,T,False,959,0.526055951727921
1824,H,True,960,0.5263157894736842
1825,H,True,961,0.5265753424657534
1826,T,False,961,0.5262869660460022
1827,T,False,961,0.5259989053092501
1828,H,True,962,0.526258205689278
1829,H,True,963,0.5265172225259704
1830,T,False,963,0.5262295081967213
1831,H,True,964,0.5264882577826324
1832,T,False,964,0.5262008733624454
1833,H,True,965,0.5264593562465902
1834,T,False,965,0.5261723009814613
1835,T,False,965,0.5258855585831063
1836,T,False,965,0.525599128540305
1837,T,False,965,0.5253130103429504
1838,H,True,966,0.5255712731229597
1839,T,False,966,0.5252854812398042
1840,H,True,967,0.5255434782608696
1841,H,True,968,0.5258011950027159
1842,H,True,969,0.5260586319218241
1843,T,False,969,0.5257731958762887
1844,T,False,969,0.5254880694143167
1845,T,False,969,0.5252032520325203
1846,T,False,969,0.5249187432286024
1847,H,True,970,0.5251759610178668
1848,T,False,970,0.5248917748917749
1849,T,False,970,0.5246078961600865
1850,H,True,971,0.5248648648648648
1851,T,False,971,0.5245813074014046
1852,T,False,971,0.5242980561555075
1853,T,False,971,0.5240151106314085
1854,T,False,971,0.5237324703344121
1855,T,False,971,0.5234501347708895
1856,H,True,972,0.5237068965517241
1857,T,False,972,0.5234248788368336
1858,H,True,973,0.523681377825619
1859,T,False,973,0.5233996772458311
1860,H,True,974,0.5236559139784946
1861,T,False,974,0.523374529822676
1862,H,True,975,0.5236305048335124
1863,H,True,976,0.5238862050456253
1864,H,True,977,0.5241416309012875
1865,T,False,977,0.5238605898123324
1866,H,True,978,0.5241157556270096
1867,T,False,978,0.5238350294590252
1868,H,True,979,0.5240899357601713
1869,T,False,979,0.5238095238095238
1870,T,False,979,0.5235294117647059
1871,H,True,980,0.5237840726884019
1872,H,True,981,0.5240384615384616
1873,T,False,981,0.5237586759209824
1874,T,False,981,0.5234791889007471
1875,H,True,982,0.5237333333333334
1876,H,True,983,0.5239872068230277
1877,T,False,983,0.5237080447522643
1878,H,True,984,0.5239616613418531
1879,H,True,985,0.5242150079829697
1880,T,False,985,0.523936170212766
1881,T,False,985,0.5236576289207868
1882,H,True,986,0.5239107332624867
1883,T,False,986,0.5236325013276686
1884,H,True,987,0.5238853503184714
1885,T,False,987,0.523607427055703
1886,T,False,987,0.5233297985153764
1887,T,False,987,0.5230524642289348
1888,H,True,988,0.5233050847457628
1889,H,True,989,0.5235574377977766
1890,T,False,989,0.5232804232804232
1891,H,True,990,0.523532522474881
1892,T,False,990,0.5232558139534884
1893,T,False,990,0.5229793977812995
1894,H,True,991,0.5232312565997888
1895,H,True,992,0.5234828496042216
1896,H,True,993,0.5237341772151899
1897,T,False,993,0.5234580917237743
1898,H,True,994,0.523709167544784
1899,T,False,994,0.5234333859926277
1900,H,True,995,0.5236842105263158
1901,T,False,995,0.5234087322461862
1902,T,False,995,0.5231335436382755
1903,T,False,995,0.5228586442459274
1904,T,False,995,0.5225840336134454
1905,T,False,995,0.5223097112860893
1906,T,False,995,0.5220356768100735
1907,H,True,996,0.5222863135815417
1908,T,False,996,0.5220125786163522
1909,T,False,996,0.5217391304347826
1910,H,True,997,0.5219895287958115
1911,T,False,997,0.521716378859236
1912,T,False,997,0.5214435146443515
1913,T,False,997,0.5211709357030841
1914,H,True,998,0.5214211076280042
1915,H,True,999,0.5216710182767624
1916,T,False,999,0.5213987473903967
1917,H,True,1000,0.5216484089723527
1918,T,False,1000,0.5213764337851929
1919,H,True,1001,0.5216258467952058
1920,H,True,1002,0.521875
1921,H,True,1003,0.5221238938053098
1922,H,True,1004,0.522372528616025
1923,T,False,1004,0.5221008840353614
1924,T,False,1004,0.5218295218295218
1925,H,True,1005,0.522077922077922
1926,T,False,1005,0.5218068535825545
1927,H,True,1006,0.5220550077841204
1928,H,True,1007,0.5223029045643154
1929,T,False,1007,0.5220321410057024
1930,H,True,1008,0.522279792746114
1931,T,False,1008,0.5220093215950284
1932,T,False,1008,0.5217391304347826
1933,H,True,1009,0.5219865494050698
1934,T,False,1009,0.5217166494312306
1935,T,False,1009,0.5214470284237727
1936,T,False,1009,0.5211776859504132
1937,H,True,1010,0.5214248838409912
1938,H,True,1011,0.521671826625387
1939,H,True,1012,0.5219185146982981
1940,H,True,1013,0.5221649484536083
1941,T,False,1013,0.5218959299330242
1942,T,False,1013,0.5216271884654995
1943,H,True,1014,0.5218733916623778
1944,H,True,1015,0.522119341563786
1945,T,False,1015,0.5218508997429306
1946,H,True,1016,0.5220966084275437
1947,T,False,1016,0.5218284540318439
1948,T,False,1016,0.5215605749486653
1949,T,False,1016,0.521292970754233
1950,T,False,1016,0.521025641025641
1951,T,False,1016,0.5207585853408508
1952,T,False,1016,0.5204918032786885
1953,H,True,1017,0.5207373271889401
1954,T,False,1017,0.5204708290685772
1955,H,True,1018,0.5207161125319693
1956,T,False,1018,0.5204498977505112
1957,H,True,1019,0.5206949412365867
1958,T,False,1019,0.5204290091930541
1959,H,True,1020,0.5206738131699847
1960,T,False,1020,0.5204081632653061
1961,H,True,1021,0.520652728199898
1962,H,True,1022,0.5208970438328236
1963,H,True,1023,0.521141110545084
1964,T,False,1023,0.5208757637474541
1965,H,True,1024,0.5211195928753181
1966,T,False,1024,0.5208545269582909
1967,H,True,1025,0.5210981189628876
1968,T,False,1025,0.5208333333333334
1969,T,False,1025,0.5205688166582021
1970,H,True,1026,0.5208121827411167
1971,T,False,1026,0.5205479452054794
1972,T,False,1026,0.5202839756592292
1973,T,False,1026,0.5200202736948809
1974,H,True,1027,0.5202634245187436
1975,H,True,1028,0.520506329113924
1976,H,True,1029,0.520748987854251
1977,H,True,1030,0.5209914011127972
1978,H,True,1031,0.5212335692618807
1979,T,False,1031,0.5209701869631127
1980,T,False,1031,0.5207070707070707
1981,T,False,1031,0.5204442200908632
1982,T,False,1031,0.5201816347124117
1983,H,True,1032,0.5204236006051437
1984,T,False,1032,0.5201612903225806
1985,H,True,1033,0.5204030226700251
1986,H,True,1034,0.5206445115810675
1987,T,False,1034,0.5203824861600402
1988,T,False,1034,0.5201207243460765
1989,H,True,1035,0.5203619909502263
1990,H,True,1036,0.5206030150753769
1991,T,False,1036,0.5203415369161225
1992,T,False,1036,0.5200803212851406
1993,T,False,1036,0.5198193677872553
1994,H,True,1037,0.5200601805416248
1995,T,False,1037,0.5197994987468672
1996,T,False,1037,0.5195390781563126
1997,T,False,1037,0.5192789183775663
1998,H,True,1038,0.5195195195195195
1999,T,False,1038,0.5192596298149075
2000,T,False,1038,0.519
